CREATE DATABASE  IF NOT EXISTS `edutech` /*!40100 DEFAULT CHARACTER SET utf8 */;
USE `edutech`;
-- MySQL dump 10.13  Distrib 5.7.17, for Win64 (x86_64)
--
-- Host: 127.0.0.1    Database: edutech
-- ------------------------------------------------------
-- Server version	5.7.21-log

/*!40101 SET @OLD_CHARACTER_SET_CLIENT=@@CHARACTER_SET_CLIENT */;
/*!40101 SET @OLD_CHARACTER_SET_RESULTS=@@CHARACTER_SET_RESULTS */;
/*!40101 SET @OLD_COLLATION_CONNECTION=@@COLLATION_CONNECTION */;
/*!40101 SET NAMES utf8 */;
/*!40103 SET @OLD_TIME_ZONE=@@TIME_ZONE */;
/*!40103 SET TIME_ZONE='+00:00' */;
/*!40014 SET @OLD_UNIQUE_CHECKS=@@UNIQUE_CHECKS, UNIQUE_CHECKS=0 */;
/*!40014 SET @OLD_FOREIGN_KEY_CHECKS=@@FOREIGN_KEY_CHECKS, FOREIGN_KEY_CHECKS=0 */;
/*!40101 SET @OLD_SQL_MODE=@@SQL_MODE, SQL_MODE='NO_AUTO_VALUE_ON_ZERO' */;
/*!40111 SET @OLD_SQL_NOTES=@@SQL_NOTES, SQL_NOTES=0 */;

--
-- Table structure for table `class`
--

DROP TABLE IF EXISTS `class`;
/*!40101 SET @saved_cs_client     = @@character_set_client */;
/*!40101 SET character_set_client = utf8 */;
CREATE TABLE `class` (
  `id_class` bigint(20) NOT NULL AUTO_INCREMENT,
  `class_name` varchar(45) DEFAULT NULL,
  `is_deleted` tinyint(4) NOT NULL,
  `class_cat` datetime DEFAULT NULL,
  `class_uat` datetime DEFAULT NULL,
  PRIMARY KEY (`id_class`)
) ENGINE=InnoDB AUTO_INCREMENT=16 DEFAULT CHARSET=utf8;
/*!40101 SET character_set_client = @saved_cs_client */;

--
-- Dumping data for table `class`
--

LOCK TABLES `class` WRITE;
/*!40000 ALTER TABLE `class` DISABLE KEYS */;
INSERT INTO `class` VALUES (1,'LKG',0,NULL,NULL),(2,'UKG',0,NULL,NULL),(3,'Astha',0,NULL,NULL),(4,'1',0,NULL,NULL),(5,'2',0,NULL,NULL),(6,'3',0,NULL,NULL),(7,'4',0,NULL,NULL),(8,'5',0,NULL,NULL),(9,'6A',0,NULL,NULL),(10,'6B',0,NULL,NULL),(11,'7',0,NULL,NULL),(12,'8A',0,NULL,NULL),(13,'8B',0,NULL,NULL),(14,'9',0,NULL,NULL),(15,'10',0,NULL,NULL);
/*!40000 ALTER TABLE `class` ENABLE KEYS */;
UNLOCK TABLES;

--
-- Table structure for table `instalment`
--

DROP TABLE IF EXISTS `instalment`;
/*!40101 SET @saved_cs_client     = @@character_set_client */;
/*!40101 SET character_set_client = utf8 */;
CREATE TABLE `instalment` (
  `id_instalment` bigint(20) NOT NULL AUTO_INCREMENT,
  `instalment_number` int(11) DEFAULT NULL,
  `is_deleted` tinyint(4) NOT NULL,
  `instalment_cat` datetime DEFAULT NULL,
  `instalment_uat` datetime DEFAULT NULL,
  PRIMARY KEY (`id_instalment`)
) ENGINE=InnoDB AUTO_INCREMENT=6 DEFAULT CHARSET=utf8;
/*!40101 SET character_set_client = @saved_cs_client */;

--
-- Dumping data for table `instalment`
--

LOCK TABLES `instalment` WRITE;
/*!40000 ALTER TABLE `instalment` DISABLE KEYS */;
INSERT INTO `instalment` VALUES (1,1,0,NULL,NULL),(2,2,0,NULL,NULL),(3,3,0,NULL,NULL),(4,4,0,NULL,NULL),(5,5,0,NULL,NULL);
/*!40000 ALTER TABLE `instalment` ENABLE KEYS */;
UNLOCK TABLES;

--
-- Table structure for table `payment`
--

DROP TABLE IF EXISTS `payment`;
/*!40101 SET @saved_cs_client     = @@character_set_client */;
/*!40101 SET character_set_client = utf8 */;
CREATE TABLE `payment` (
  `id_payment` bigint(20) NOT NULL AUTO_INCREMENT,
  `student_id` bigint(20) NOT NULL,
  `is_deleted` tinyint(4) NOT NULL,
  `payment_date` datetime DEFAULT NULL,
  `payment_cat` datetime DEFAULT NULL,
  `payment_uat` datetime DEFAULT NULL,
  `instalment_id` bigint(20) NOT NULL,
  `payment_amount` int(11) DEFAULT NULL,
  PRIMARY KEY (`id_payment`),
  KEY `fk_payment_student1_idx` (`student_id`),
  KEY `fk_payment_instalment1_idx` (`instalment_id`),
  CONSTRAINT `fk_payment_instalment1` FOREIGN KEY (`instalment_id`) REFERENCES `instalment` (`id_instalment`) ON DELETE NO ACTION ON UPDATE NO ACTION,
  CONSTRAINT `fk_payment_student1` FOREIGN KEY (`student_id`) REFERENCES `student` (`id_student`) ON DELETE NO ACTION ON UPDATE NO ACTION
) ENGINE=InnoDB DEFAULT CHARSET=utf8;
/*!40101 SET character_set_client = @saved_cs_client */;

--
-- Dumping data for table `payment`
--

LOCK TABLES `payment` WRITE;
/*!40000 ALTER TABLE `payment` DISABLE KEYS */;
/*!40000 ALTER TABLE `payment` ENABLE KEYS */;
UNLOCK TABLES;

--
-- Table structure for table `role`
--

DROP TABLE IF EXISTS `role`;
/*!40101 SET @saved_cs_client     = @@character_set_client */;
/*!40101 SET character_set_client = utf8 */;
CREATE TABLE `role` (
  `id_role` bigint(20) NOT NULL AUTO_INCREMENT,
  `role_name` varchar(45) DEFAULT NULL,
  `is_deleted` tinyint(4) NOT NULL,
  `role_cat` datetime DEFAULT NULL,
  `role_uat` datetime DEFAULT NULL,
  PRIMARY KEY (`id_role`)
) ENGINE=InnoDB AUTO_INCREMENT=4 DEFAULT CHARSET=utf8;
/*!40101 SET character_set_client = @saved_cs_client */;

--
-- Dumping data for table `role`
--

LOCK TABLES `role` WRITE;
/*!40000 ALTER TABLE `role` DISABLE KEYS */;
INSERT INTO `role` VALUES (1,'ADMIN',0,NULL,NULL),(2,'DIRECTOR',0,NULL,NULL),(3,'ACCOUNTANT',0,NULL,NULL);
/*!40000 ALTER TABLE `role` ENABLE KEYS */;
UNLOCK TABLES;

--
-- Table structure for table `student`
--

DROP TABLE IF EXISTS `student`;
/*!40101 SET @saved_cs_client     = @@character_set_client */;
/*!40101 SET character_set_client = utf8 */;
CREATE TABLE `student` (
  `id_student` bigint(20) NOT NULL AUTO_INCREMENT,
  `student_roll_no` varchar(10) DEFAULT NULL,
  `student_name` varchar(45) DEFAULT NULL,
  `is_deleted` tinyint(4) NOT NULL,
  `student_cat` datetime DEFAULT NULL,
  `student_uat` datetime DEFAULT NULL,
  `class_id` bigint(20) NOT NULL,
  `student_fee` int(11) DEFAULT NULL,
  PRIMARY KEY (`id_student`),
  KEY `fk_student_class_idx` (`class_id`),
  CONSTRAINT `fk_student_class` FOREIGN KEY (`class_id`) REFERENCES `class` (`id_class`) ON DELETE NO ACTION ON UPDATE NO ACTION
) ENGINE=InnoDB AUTO_INCREMENT=349 DEFAULT CHARSET=utf8;
/*!40101 SET character_set_client = @saved_cs_client */;

--
-- Dumping data for table `student`
--

LOCK TABLES `student` WRITE;
/*!40000 ALTER TABLE `student` DISABLE KEYS */;
INSERT INTO `student` VALUES (1,'LKG01','A',0,'2018-04-22 00:05:50','2018-04-22 00:05:50',1,NULL),(2,'LKG02','B',0,'2018-04-22 00:05:50','2018-04-22 00:05:50',1,NULL),(3,'LKG03','C',0,'2018-04-22 00:05:50','2018-04-22 00:05:50',1,NULL),(4,'LKG04','D',0,'2018-04-22 00:05:50','2018-04-22 00:05:50',1,NULL),(5,'LKG05','A',0,'2018-04-22 00:05:50','2018-04-22 00:05:50',1,NULL),(6,'LKG06','B',0,'2018-04-22 00:05:50','2018-04-22 00:05:50',1,NULL),(7,'LKG07','C',0,'2018-04-22 00:05:50','2018-04-22 00:05:50',1,NULL),(8,'LKG08','D',0,'2018-04-22 00:05:50','2018-04-22 00:05:50',1,NULL),(9,'LKG09','A',0,'2018-04-22 00:05:50','2018-04-22 00:05:50',1,NULL),(10,'LKG10','B',0,'2018-04-22 00:05:50','2018-04-22 00:05:50',1,NULL),(11,'LKG11','C',0,'2018-04-22 00:05:50','2018-04-22 00:05:50',1,NULL),(12,'LKG12','D',0,'2018-04-22 00:05:50','2018-04-22 00:05:50',1,NULL),(13,'LKG13','A',0,'2018-04-22 00:05:50','2018-04-22 00:05:50',1,NULL),(14,'LKG14','B',0,'2018-04-22 00:05:50','2018-04-22 00:05:50',1,NULL),(15,'LKG15','C',0,'2018-04-22 00:05:50','2018-04-22 00:05:50',1,NULL),(16,'LKG16','D',0,'2018-04-22 00:05:50','2018-04-22 00:05:50',1,NULL),(17,'LKG17','A',0,'2018-04-22 00:05:50','2018-04-22 00:05:50',1,NULL),(18,'LKG18','B',0,'2018-04-22 00:05:50','2018-04-22 00:05:50',1,NULL),(19,'LKG19','C',0,'2018-04-22 00:05:50','2018-04-22 00:05:50',1,NULL),(20,'LKG20','D',0,'2018-04-22 00:05:50','2018-04-22 00:05:50',1,NULL),(21,'LKG21','A',0,'2018-04-22 00:05:50','2018-04-22 00:05:50',1,NULL),(22,'LKG22','B',0,'2018-04-22 00:05:50','2018-04-22 00:05:50',1,NULL),(23,'UKG01','C',0,'2018-04-22 00:05:50','2018-04-22 00:05:50',2,NULL),(24,'UKG02','D',0,'2018-04-22 00:05:50','2018-04-22 00:05:50',2,NULL),(25,'UKG03','A',0,'2018-04-22 00:05:50','2018-04-22 00:05:50',2,NULL),(26,'UKG04','B',0,'2018-04-22 00:05:50','2018-04-22 00:05:50',2,NULL),(27,'UKG05','C',0,'2018-04-22 00:05:50','2018-04-22 00:05:50',2,NULL),(28,'UKG06','D',0,'2018-04-22 00:05:50','2018-04-22 00:05:50',2,NULL),(29,'UKG07','A',0,'2018-04-22 00:05:50','2018-04-22 00:05:50',2,NULL),(30,'UKG08','B',0,'2018-04-22 00:05:50','2018-04-22 00:05:50',2,NULL),(31,'UKG09','C',0,'2018-04-22 00:05:50','2018-04-22 00:05:50',2,NULL),(32,'UKG10','D',0,'2018-04-22 00:05:50','2018-04-22 00:05:50',2,NULL),(33,'UKG11','A',0,'2018-04-22 00:05:50','2018-04-22 00:05:50',2,NULL),(34,'UKG12','B',0,'2018-04-22 00:05:50','2018-04-22 00:05:50',2,NULL),(35,'UKG13','C',0,'2018-04-22 00:05:50','2018-04-22 00:05:50',2,NULL),(36,'UKG14','D',0,'2018-04-22 00:05:50','2018-04-22 00:05:50',2,NULL),(37,'UKG15','A',0,'2018-04-22 00:05:50','2018-04-22 00:05:50',2,NULL),(38,'UKG16','B',0,'2018-04-22 00:05:50','2018-04-22 00:05:50',2,NULL),(39,'UKG17','C',0,'2018-04-22 00:05:50','2018-04-22 00:05:50',2,NULL),(40,'UKG18','D',0,'2018-04-22 00:05:50','2018-04-22 00:05:50',2,NULL),(41,'UKG19','A',0,'2018-04-22 00:05:50','2018-04-22 00:05:50',2,NULL),(42,'UKG20','B',0,'2018-04-22 00:05:50','2018-04-22 00:05:50',2,NULL),(43,'UKG21','C',0,'2018-04-22 00:05:50','2018-04-22 00:05:50',2,NULL),(44,'AST01','D',0,'2018-04-22 00:05:50','2018-04-22 00:05:50',3,NULL),(45,'AST02','A',0,'2018-04-22 00:05:50','2018-04-22 00:05:50',3,NULL),(46,'AST03','B',0,'2018-04-22 00:05:50','2018-04-22 00:05:50',3,NULL),(47,'AST04','C',0,'2018-04-22 00:05:50','2018-04-22 00:05:50',3,NULL),(48,'AST05','D',0,'2018-04-22 00:05:50','2018-04-22 00:05:50',3,NULL),(49,'AST06','A',0,'2018-04-22 00:05:50','2018-04-22 00:05:50',3,NULL),(50,'AST07','B',0,'2018-04-22 00:05:50','2018-04-22 00:05:50',3,NULL),(51,'AST08','C',0,'2018-04-22 00:05:50','2018-04-22 00:05:50',3,NULL),(52,'101','D',0,'2018-04-22 00:05:50','2018-04-22 00:05:50',4,NULL),(53,'102','A',0,'2018-04-22 00:05:50','2018-04-22 00:05:50',4,NULL),(54,'103','B',0,'2018-04-22 00:05:50','2018-04-22 00:05:50',4,NULL),(55,'104','C',0,'2018-04-22 00:05:50','2018-04-22 00:05:50',4,NULL),(56,'105','D',0,'2018-04-22 00:05:50','2018-04-22 00:05:50',4,NULL),(57,'106','A',0,'2018-04-22 00:05:50','2018-04-22 00:05:50',4,NULL),(58,'107','B',0,'2018-04-22 00:05:50','2018-04-22 00:05:50',4,NULL),(59,'108','C',0,'2018-04-22 00:05:50','2018-04-22 00:05:50',4,NULL),(60,'109','D',0,'2018-04-22 00:05:50','2018-04-22 00:05:50',4,NULL),(61,'110','A',0,'2018-04-22 00:05:50','2018-04-22 00:05:50',4,NULL),(62,'111','B',0,'2018-04-22 00:05:50','2018-04-22 00:05:50',4,NULL),(63,'112','C',0,'2018-04-22 00:05:50','2018-04-22 00:05:50',4,NULL),(64,'113','D',0,'2018-04-22 00:05:50','2018-04-22 00:05:50',4,NULL),(65,'114','A',0,'2018-04-22 00:05:50','2018-04-22 00:05:50',4,NULL),(66,'115','B',0,'2018-04-22 00:05:50','2018-04-22 00:05:50',4,NULL),(67,'116','C',0,'2018-04-22 00:05:50','2018-04-22 00:05:50',4,NULL),(68,'117','D',0,'2018-04-22 00:05:50','2018-04-22 00:05:50',4,NULL),(69,'118','A',0,'2018-04-22 00:05:50','2018-04-22 00:05:50',4,NULL),(70,'119','B',0,'2018-04-22 00:05:50','2018-04-22 00:05:50',4,NULL),(71,'120','C',0,'2018-04-22 00:05:50','2018-04-22 00:05:50',4,NULL),(72,'121','D',0,'2018-04-22 00:05:50','2018-04-22 00:05:50',4,NULL),(73,'122','A',0,'2018-04-22 00:05:50','2018-04-22 00:05:50',4,NULL),(74,'123','B',0,'2018-04-22 00:05:50','2018-04-22 00:05:50',4,NULL),(75,'201','Ahan Gowda G',0,'2018-04-22 00:05:50','2018-04-22 00:05:50',5,NULL),(76,'202','Ajay S',0,'2018-04-22 00:05:50','2018-04-22 00:05:50',5,NULL),(77,'203','Arush M H',0,'2018-04-22 00:05:50','2018-04-22 00:05:50',5,NULL),(78,'204','Bhuvan C',0,'2018-04-22 00:05:50','2018-04-22 00:05:50',5,NULL),(79,'205','Bhuvaneshwari P',0,'2018-04-22 00:05:50','2018-04-22 00:05:50',5,NULL),(80,'206','Chaya Devi B',0,'2018-04-22 00:05:50','2018-04-22 00:05:50',5,NULL),(81,'207','Gagana',0,'2018-04-22 00:05:50','2018-04-22 00:05:50',5,NULL),(82,'208','Lalith H',0,'2018-04-22 00:05:50','2018-04-22 00:05:50',5,NULL),(83,'209','Leelashree D B',0,'2018-04-22 00:05:50','2018-04-22 00:05:50',5,NULL),(84,'210','Likith S',0,'2018-04-22 00:05:50','2018-04-22 00:05:50',5,NULL),(85,'211','Madhan S',0,'2018-04-22 00:05:50','2018-04-22 00:05:50',5,NULL),(86,'212','Manya B',0,'2018-04-22 00:05:50','2018-04-22 00:05:50',5,NULL),(87,'213','Navneeth G',0,'2018-04-22 00:05:50','2018-04-22 00:05:50',5,NULL),(88,'214','Nithin Gowda D S',0,'2018-04-22 00:05:50','2018-04-22 00:05:50',5,NULL),(89,'215','Pallav Pramod',0,'2018-04-22 00:05:50','2018-04-22 00:05:50',5,NULL),(90,'216','Pavan N',0,'2018-04-22 00:05:50','2018-04-22 00:05:50',5,NULL),(91,'217','Pranav B Y',0,'2018-04-22 00:05:50','2018-04-22 00:05:50',5,NULL),(92,'218','Prashath Gowda G ',0,'2018-04-22 00:05:50','2018-04-22 00:05:50',5,NULL),(93,'219','Pratham Gowda D',0,'2018-04-22 00:05:50','2018-04-22 00:05:50',5,NULL),(94,'220','Pratheeksha ',0,'2018-04-22 00:05:50','2018-04-22 00:05:50',5,NULL),(95,'221','Rakesh M ',0,'2018-04-22 00:05:50','2018-04-22 00:05:50',5,NULL),(96,'222','Rashmi M',0,'2018-04-22 00:05:50','2018-04-22 00:05:50',5,NULL),(97,'223','Samarth Gowda S',0,'2018-04-22 00:05:50','2018-04-22 00:05:50',5,NULL),(98,'224','Sanjana R',0,'2018-04-22 00:05:50','2018-04-22 00:05:50',5,NULL),(99,'225','Shambhavi',0,'2018-04-22 00:05:50','2018-04-22 00:05:50',5,NULL),(100,'226','Shreyas M',0,'2018-04-22 00:05:50','2018-04-22 00:05:50',5,NULL),(101,'227','Shreyas P',0,'2018-04-22 00:05:50','2018-04-22 00:05:50',5,NULL),(102,'228','Sonika',0,'2018-04-22 00:05:50','2018-04-22 00:05:50',5,NULL),(103,'229','Srikrishna G',0,'2018-04-22 00:05:50','2018-04-22 00:05:50',5,NULL),(104,'230','Suman Raj ',0,'2018-04-22 00:05:50','2018-04-22 00:05:50',5,NULL),(105,'231','Sumanth',0,'2018-04-22 00:05:50','2018-04-22 00:05:50',5,NULL),(106,'232','Thrishul Urs D M',0,'2018-04-22 00:05:50','2018-04-22 00:05:50',5,NULL),(107,'233','Trishul Sudarshan',0,'2018-04-22 00:05:50','2018-04-22 00:05:50',5,NULL),(108,'234','Varalakshmi P',0,'2018-04-22 00:05:50','2018-04-22 00:05:50',5,NULL),(109,'301','Adithya Rajesh',0,'2018-04-22 00:05:50','2018-04-22 00:05:50',6,NULL),(110,'302','Anu R',0,'2018-04-22 00:05:50','2018-04-22 00:05:50',6,NULL),(111,'303','Bhavesh H',0,'2018-04-22 00:05:50','2018-04-22 00:05:50',6,NULL),(112,'304','Chethan S',0,'2018-04-22 00:05:50','2018-04-22 00:05:50',6,NULL),(113,'305','Deekshitha K',0,'2018-04-22 00:05:50','2018-04-22 00:05:50',6,NULL),(114,'306','Dharama B Gowda ',0,'2018-04-22 00:05:50','2018-04-22 00:05:50',6,NULL),(115,'307','Ganesh N',0,'2018-04-22 00:05:50','2018-04-22 00:05:50',6,NULL),(116,'308','Gnaneshwari ',0,'2018-04-22 00:05:50','2018-04-22 00:05:50',6,NULL),(117,'309','Kiran Gowda Js',0,'2018-04-22 00:05:50','2018-04-22 00:05:50',6,NULL),(118,'310','Kishore R',0,'2018-04-22 00:05:50','2018-04-22 00:05:50',6,NULL),(119,'311','Moulya S',0,'2018-04-22 00:05:50','2018-04-22 00:05:50',6,NULL),(120,'312','Nishanth B',0,'2018-04-22 00:05:50','2018-04-22 00:05:50',6,NULL),(121,'313','Nithin',0,'2018-04-22 00:05:50','2018-04-22 00:05:50',6,NULL),(122,'314','Puneeth Gowda K',0,'2018-04-22 00:05:50','2018-04-22 00:05:50',6,NULL),(123,'315','Punya Kala',0,'2018-04-22 00:05:50','2018-04-22 00:05:50',6,NULL),(124,'316','Rithish V ',0,'2018-04-22 00:05:50','2018-04-22 00:05:50',6,NULL),(125,'317','Sameer S K',0,'2018-04-22 00:05:50','2018-04-22 00:05:50',6,NULL),(126,'318','Sandeep S',0,'2018-04-22 00:05:50','2018-04-22 00:05:50',6,NULL),(127,'319','Shravanth  Gowda M',0,'2018-04-22 00:05:50','2018-04-22 00:05:50',6,NULL),(128,'320','Tanisha ',0,'2018-04-22 00:05:50','2018-04-22 00:05:50',6,NULL),(129,'321','Vandana L',0,'2018-04-22 00:05:50','2018-04-22 00:05:50',6,NULL),(130,'322','Vijay Kumar M',0,'2018-04-22 00:05:50','2018-04-22 00:05:50',6,NULL),(131,'323','Yashwanth Kumar V',0,'2018-04-22 00:05:50','2018-04-22 00:05:50',6,NULL),(132,'324','Yogeshwari N',0,'2018-04-22 00:05:50','2018-04-22 00:05:50',6,NULL),(133,'401','Abhishek Gowda',0,'2018-04-22 00:05:50','2018-04-22 00:05:50',7,NULL),(134,'402','Aishwarya M Choudhary ',0,'2018-04-22 00:05:50','2018-04-22 00:05:50',7,NULL),(135,'403','Bhanavi J ',0,'2018-04-22 00:05:50','2018-04-22 00:05:50',7,NULL),(136,'404','Chandana J Gowda',0,'2018-04-22 00:05:50','2018-04-22 00:05:50',7,NULL),(137,'405','Chinmay S Gowda',0,'2018-04-22 00:05:50','2018-04-22 00:05:50',7,NULL),(138,'406','Deepthi Lokesh',0,'2018-04-22 00:05:50','2018-04-22 00:05:50',7,NULL),(139,'407','Deshwanth S M',0,'2018-04-22 00:05:50','2018-04-22 00:05:50',7,NULL),(140,'408','Harshil Dayakar K',0,'2018-04-22 00:05:50','2018-04-22 00:05:50',7,NULL),(141,'409','Harshini Urs D M',0,'2018-04-22 00:05:50','2018-04-22 00:05:50',7,NULL),(142,'410','Manu S',0,'2018-04-22 00:05:50','2018-04-22 00:05:50',7,NULL),(143,'411','Prajwal N',0,'2018-04-22 00:05:50','2018-04-22 00:05:50',7,NULL),(144,'412','Pranathi V',0,'2018-04-22 00:05:50','2018-04-22 00:05:50',7,NULL),(145,'413','Preethi M C',0,'2018-04-22 00:05:50','2018-04-22 00:05:50',7,NULL),(146,'414','Raghuveer R',0,'2018-04-22 00:05:50','2018-04-22 00:05:50',7,NULL),(147,'415','Sandesh Gowda S K ',0,'2018-04-22 00:05:50','2018-04-22 00:05:50',7,NULL),(148,'416','Santhosh N R',0,'2018-04-22 00:05:50','2018-04-22 00:05:50',7,NULL),(149,'417','Santhosh Nayaka R',0,'2018-04-22 00:05:50','2018-04-22 00:05:50',7,NULL),(150,'418','Shravya K R ',0,'2018-04-22 00:05:50','2018-04-22 00:05:50',7,NULL),(151,'419','Shreyas Gowda C ',0,'2018-04-22 00:05:50','2018-04-22 00:05:50',7,NULL),(152,'420','Sinchana S',0,'2018-04-22 00:05:50','2018-04-22 00:05:50',7,NULL),(153,'421','Tejas Gowda',0,'2018-04-22 00:05:50','2018-04-22 00:05:50',7,NULL),(154,'422','Varshitha L',0,'2018-04-22 00:05:50','2018-04-22 00:05:50',7,NULL),(155,'501','Akash B',0,'2018-04-22 00:05:50','2018-04-22 00:05:50',8,NULL),(156,'502','Akshay Ramesh G K',0,'2018-04-22 00:05:50','2018-04-22 00:05:50',8,NULL),(157,'503','Arun R',0,'2018-04-22 00:05:50','2018-04-22 00:05:50',8,NULL),(158,'504','Chirag D V ',0,'2018-04-22 00:05:50','2018-04-22 00:05:50',8,NULL),(159,'505','Deekshith S',0,'2018-04-22 00:05:50','2018-04-22 00:05:50',8,NULL),(160,'506','Deepak P',0,'2018-04-22 00:05:50','2018-04-22 00:05:50',8,NULL),(161,'507','Dhananjaya V',0,'2018-04-22 00:05:50','2018-04-22 00:05:50',8,NULL),(162,'508','Gangadhar ',0,'2018-04-22 00:05:50','2018-04-22 00:05:50',8,NULL),(163,'509','Kalpana B S',0,'2018-04-22 00:05:50','2018-04-22 00:05:50',8,NULL),(164,'510','Likith Gowda R ',0,'2018-04-22 00:05:50','2018-04-22 00:05:50',8,NULL),(165,'511','Manjunath  ',0,'2018-04-22 00:05:50','2018-04-22 00:05:50',8,NULL),(166,'512','Manya K',0,'2018-04-22 00:05:50','2018-04-22 00:05:50',8,NULL),(167,'513','Prathana N Gowda',0,'2018-04-22 00:05:50','2018-04-22 00:05:50',8,NULL),(168,'514','Rahul S',0,'2018-04-22 00:05:50','2018-04-22 00:05:50',8,NULL),(169,'515','Sachin Gowda L',0,'2018-04-22 00:05:50','2018-04-22 00:05:50',8,NULL),(170,'516','Santosh S',0,'2018-04-22 00:05:50','2018-04-22 00:05:50',8,NULL),(171,'517','Srikanth S',0,'2018-04-22 00:05:50','2018-04-22 00:05:50',8,NULL),(172,'518','Subramamian S Iyer',0,'2018-04-22 00:05:50','2018-04-22 00:05:50',8,NULL),(173,'519','Ullas S',0,'2018-04-22 00:05:50','2018-04-22 00:05:50',8,NULL),(174,'520','Usha M',0,'2018-04-22 00:05:50','2018-04-22 00:05:50',8,NULL),(175,'521','Varun R',0,'2018-04-22 00:05:50','2018-04-22 00:05:50',8,NULL),(176,'522','Vinutha N',0,'2018-04-22 00:05:50','2018-04-22 00:05:50',8,NULL),(177,'601','Abhilash R',0,'2018-04-22 00:05:50','2018-04-22 00:05:50',9,NULL),(178,'602','Adithya Gowda S',0,'2018-04-22 00:05:50','2018-04-22 00:05:50',9,NULL),(179,'603','Aditya Anand',0,'2018-04-22 00:05:50','2018-04-22 00:05:50',9,NULL),(180,'604','Amogha Varsha S',0,'2018-04-22 00:05:50','2018-04-22 00:05:50',9,NULL),(181,'605','Gagan Urs D M',0,'2018-04-22 00:05:50','2018-04-22 00:05:50',9,NULL),(182,'606','Greeshma S Gowda',0,'2018-04-22 00:05:50','2018-04-22 00:05:50',9,NULL),(183,'607','Hemanth Gowda B',0,'2018-04-22 00:05:50','2018-04-22 00:05:50',9,NULL),(184,'608','Hithesh R',0,'2018-04-22 00:05:50','2018-04-22 00:05:50',9,NULL),(185,'609','Kishan G R',0,'2018-04-22 00:05:50','2018-04-22 00:05:50',9,NULL),(186,'610','Kushal',0,'2018-04-22 00:05:50','2018-04-22 00:05:50',9,NULL),(187,'611','Manjunath B J',0,'2018-04-22 00:05:50','2018-04-22 00:05:50',9,NULL),(188,'612','Nikil Gowda K P',0,'2018-04-22 00:05:50','2018-04-22 00:05:50',9,NULL),(189,'613','Nisarga N Gowda ',0,'2018-04-22 00:05:50','2018-04-22 00:05:50',9,NULL),(190,'614','Pavitra N',0,'2018-04-22 00:05:50','2018-04-22 00:05:50',9,NULL),(191,'615','Poornachandragowda ',0,'2018-04-22 00:05:50','2018-04-22 00:05:50',9,NULL),(192,'616','Preetham J M',0,'2018-04-22 00:05:50','2018-04-22 00:05:50',9,NULL),(193,'617','Rishith R',0,'2018-04-22 00:05:50','2018-04-22 00:05:50',9,NULL),(194,'618','Shivanand B',0,'2018-04-22 00:05:50','2018-04-22 00:05:50',9,NULL),(195,'619','Sinchana K R  ',0,'2018-04-22 00:05:50','2018-04-22 00:05:50',9,NULL),(196,'620','Vinutha P',0,'2018-04-22 00:05:50','2018-04-22 00:05:50',9,NULL),(197,'621','Yashwanth M N',0,'2018-04-22 00:05:50','2018-04-22 00:05:50',9,NULL),(198,'622','Apeksha',0,'2018-04-22 00:05:50','2018-04-22 00:05:50',10,NULL),(199,'623','Apurva G',0,'2018-04-22 00:05:50','2018-04-22 00:05:50',10,NULL),(200,'624','Bharghav K S',0,'2018-04-22 00:05:50','2018-04-22 00:05:50',10,NULL),(201,'625','Bhoomika P',0,'2018-04-22 00:05:50','2018-04-22 00:05:50',10,NULL),(202,'626','Bobby A',0,'2018-04-22 00:05:50','2018-04-22 00:05:50',10,NULL),(203,'627','Chaithanya',0,'2018-04-22 00:05:50','2018-04-22 00:05:50',10,NULL),(204,'628','Darshini C P',0,'2018-04-22 00:05:50','2018-04-22 00:05:50',10,NULL),(205,'629','Isha P Jagadale',0,'2018-04-22 00:05:50','2018-04-22 00:05:50',10,NULL),(206,'630','Jeevan L',0,'2018-04-22 00:05:50','2018-04-22 00:05:50',10,NULL),(207,'631','Pallavi',0,'2018-04-22 00:05:50','2018-04-22 00:05:50',10,NULL),(208,'632','Prerana V',0,'2018-04-22 00:05:50','2018-04-22 00:05:50',10,NULL),(209,'633','Priyanka',0,'2018-04-22 00:05:50','2018-04-22 00:05:50',10,NULL),(210,'634','Raghav M R',0,'2018-04-22 00:05:50','2018-04-22 00:05:50',10,NULL),(211,'635','Sanjana Gowda J S',0,'2018-04-22 00:05:50','2018-04-22 00:05:50',10,NULL),(212,'636','Sanshray R',0,'2018-04-22 00:05:50','2018-04-22 00:05:50',10,NULL),(213,'637','Soujanya G',0,'2018-04-22 00:05:50','2018-04-22 00:05:50',10,NULL),(214,'638','Surya',0,'2018-04-22 00:05:50','2018-04-22 00:05:50',10,NULL),(215,'639','Thanvitha Hemanth',0,'2018-04-22 00:05:50','2018-04-22 00:05:50',10,NULL),(216,'640','Ujwal E',0,'2018-04-22 00:05:50','2018-04-22 00:05:50',10,NULL),(217,'641','Yashaswini A',0,'2018-04-22 00:05:50','2018-04-22 00:05:50',10,NULL),(218,'701','Abhishek B',0,'2018-04-22 00:05:50','2018-04-22 00:05:50',11,NULL),(219,'702','Abhishek M ',0,'2018-04-22 00:05:50','2018-04-22 00:05:50',11,NULL),(220,'703','Aditya N',0,'2018-04-22 00:05:50','2018-04-22 00:05:50',11,NULL),(221,'704','Al Shifa',0,'2018-04-22 00:05:50','2018-04-22 00:05:50',11,NULL),(222,'705','Anu S',0,'2018-04-22 00:05:50','2018-04-22 00:05:50',11,NULL),(223,'706','Arpitha R',0,'2018-04-22 00:05:50','2018-04-22 00:05:50',11,NULL),(224,'707','Deekshitha G A',0,'2018-04-22 00:05:50','2018-04-22 00:05:50',11,NULL),(225,'708','Hemashree',0,'2018-04-22 00:05:50','2018-04-22 00:05:50',11,NULL),(226,'709','Keerthi S',0,'2018-04-22 00:05:50','2018-04-22 00:05:50',11,NULL),(227,'710','Pratham A Gowda',0,'2018-04-22 00:05:50','2018-04-22 00:05:50',11,NULL),(228,'711','Sanjay Kumar M',0,'2018-04-22 00:05:50','2018-04-22 00:05:50',11,NULL),(229,'712','Shreshank S Gowda',0,'2018-04-22 00:05:50','2018-04-22 00:05:50',11,NULL),(230,'713','Siddaraju M',0,'2018-04-22 00:05:50','2018-04-22 00:05:50',11,NULL),(231,'714','Spoorthi R',0,'2018-04-22 00:05:50','2018-04-22 00:05:50',11,NULL),(232,'715','Subhash Gowda G S',0,'2018-04-22 00:05:50','2018-04-22 00:05:50',11,NULL),(233,'716','Vikas Gowda P',0,'2018-04-22 00:05:50','2018-04-22 00:05:50',11,NULL),(234,'717','Amrutha Bindu P',0,'2018-04-22 00:05:50','2018-04-22 00:05:50',11,NULL),(235,'718','Bhoomika M',0,'2018-04-22 00:05:50','2018-04-22 00:05:50',11,NULL),(236,'719','Brunda U',0,'2018-04-22 00:05:50','2018-04-22 00:05:50',11,NULL),(237,'720','Chethan S',0,'2018-04-22 00:05:50','2018-04-22 00:05:50',11,NULL),(238,'721','Chirag V',0,'2018-04-22 00:05:50','2018-04-22 00:05:50',11,NULL),(239,'722','Dhanraja R',0,'2018-04-22 00:05:50','2018-04-22 00:05:50',11,NULL),(240,'723','Girijesh C K ',0,'2018-04-22 00:05:50','2018-04-22 00:05:50',11,NULL),(241,'724','Harshitha R',0,'2018-04-22 00:05:50','2018-04-22 00:05:50',11,NULL),(242,'725','Jeevan K M',0,'2018-04-22 00:05:50','2018-04-22 00:05:50',11,NULL),(243,'726','Likith Gourav ',0,'2018-04-22 00:05:50','2018-04-22 00:05:50',11,NULL),(244,'727','Murthan Ashok',0,'2018-04-22 00:05:50','2018-04-22 00:05:50',11,NULL),(245,'728','Nischitha M P ',0,'2018-04-22 00:05:50','2018-04-22 00:05:50',11,NULL),(246,'729','Rachana C',0,'2018-04-22 00:05:50','2018-04-22 00:05:50',11,NULL),(247,'730','Ridhi Kiran',0,'2018-04-22 00:05:50','2018-04-22 00:05:50',11,NULL),(248,'731','Sangeetha M Choudhary ',0,'2018-04-22 00:05:50','2018-04-22 00:05:50',11,NULL),(249,'732','Tejas Kumar M',0,'2018-04-22 00:05:50','2018-04-22 00:05:50',11,NULL),(250,'733','Varshini H',0,'2018-04-22 00:05:50','2018-04-22 00:05:50',11,NULL),(251,'734','Vishnu V M',0,'2018-04-22 00:05:50','2018-04-22 00:05:50',11,NULL),(252,'801','Chinmaya P ',0,'2018-04-22 00:05:50','2018-04-22 00:05:50',12,NULL),(253,'802','Darshan B ',0,'2018-04-22 00:05:50','2018-04-22 00:05:50',12,NULL),(254,'803','Deekshith J',0,'2018-04-22 00:05:50','2018-04-22 00:05:50',12,NULL),(255,'804','Dennis Paul',0,'2018-04-22 00:05:50','2018-04-22 00:05:50',12,NULL),(256,'805','Doresh S Kumar ',0,'2018-04-22 00:05:50','2018-04-22 00:05:50',12,NULL),(257,'806','Gagan Gangadkar',0,'2018-04-22 00:05:50','2018-04-22 00:05:50',12,NULL),(258,'807','Ganashri J',0,'2018-04-22 00:05:50','2018-04-22 00:05:50',12,NULL),(259,'808','Harshith N Jeeyar',0,'2018-04-22 00:05:50','2018-04-22 00:05:50',12,NULL),(260,'809','Jeevan M',0,'2018-04-22 00:05:50','2018-04-22 00:05:50',12,NULL),(261,'810','Jeevitha S',0,'2018-04-22 00:05:50','2018-04-22 00:05:50',12,NULL),(262,'811','Kushal S',0,'2018-04-22 00:05:50','2018-04-22 00:05:50',12,NULL),(263,'812','Madan Gowda K P',0,'2018-04-22 00:05:50','2018-04-22 00:05:50',12,NULL),(264,'813','Navya Y ',0,'2018-04-22 00:05:50','2018-04-22 00:05:50',12,NULL),(265,'814','Niranjan B S',0,'2018-04-22 00:05:50','2018-04-22 00:05:50',12,NULL),(266,'815','Nithin K Gowda',0,'2018-04-22 00:05:50','2018-04-22 00:05:50',12,NULL),(267,'816','Pragathi Krishnan K',0,'2018-04-22 00:05:50','2018-04-22 00:05:50',12,NULL),(268,'817','Pranith L',0,'2018-04-22 00:05:50','2018-04-22 00:05:50',12,NULL),(269,'818','Prithvi Pratham',0,'2018-04-22 00:05:50','2018-04-22 00:05:50',12,NULL),(270,'819','Shashwath M',0,'2018-04-22 00:05:50','2018-04-22 00:05:50',12,NULL),(271,'820','Siri B',0,'2018-04-22 00:05:50','2018-04-22 00:05:50',12,NULL),(272,'821','Thanya Shree K R',0,'2018-04-22 00:05:50','2018-04-22 00:05:50',12,NULL),(273,'822','Thryaee M B',0,'2018-04-22 00:05:50','2018-04-22 00:05:50',12,NULL),(274,'823','Varsha S',0,'2018-04-22 00:05:50','2018-04-22 00:05:50',12,NULL),(275,'824','Abhishek Gowda Y',0,'2018-04-22 00:05:50','2018-04-22 00:05:50',13,NULL),(276,'825','Akhil Kashyap M ',0,'2018-04-22 00:05:50','2018-04-22 00:05:50',13,NULL),(277,'826','Eesha Uthappa',0,'2018-04-22 00:05:50','2018-04-22 00:05:50',13,NULL),(278,'827','Harshitha Ganapathy',0,'2018-04-22 00:05:50','2018-04-22 00:05:50',13,NULL),(279,'828','Hruday Gowda C P',0,'2018-04-22 00:05:50','2018-04-22 00:05:50',13,NULL),(280,'829','Kusuma Varshini G',0,'2018-04-22 00:05:50','2018-04-22 00:05:50',13,NULL),(281,'830','Mahalaxmi S',0,'2018-04-22 00:05:50','2018-04-22 00:05:50',13,NULL),(282,'831','Manoj B M',0,'2018-04-22 00:05:50','2018-04-22 00:05:50',13,NULL),(283,'832','Manya K Gowda ',0,'2018-04-22 00:05:50','2018-04-22 00:05:50',13,NULL),(284,'833','Nandini S ',0,'2018-04-22 00:05:50','2018-04-22 00:05:50',13,NULL),(285,'834','Naveen B S',0,'2018-04-22 00:05:50','2018-04-22 00:05:50',13,NULL),(286,'835','Nidhi V ',0,'2018-04-22 00:05:50','2018-04-22 00:05:50',13,NULL),(287,'836','Prajwal R',0,'2018-04-22 00:05:50','2018-04-22 00:05:50',13,NULL),(288,'837','Prajwala A N',0,'2018-04-22 00:05:50','2018-04-22 00:05:50',13,NULL),(289,'838','Pranathi S',0,'2018-04-22 00:05:50','2018-04-22 00:05:50',13,NULL),(290,'839','Rahul Urs L',0,'2018-04-22 00:05:50','2018-04-22 00:05:50',13,NULL),(291,'840','Sahana M',0,'2018-04-22 00:05:50','2018-04-22 00:05:50',13,NULL),(292,'841','Shreya N',0,'2018-04-22 00:05:50','2018-04-22 00:05:50',13,NULL),(293,'842','Sonu Urs K',0,'2018-04-22 00:05:50','2018-04-22 00:05:50',13,NULL),(294,'843','Spandana Sudarshan',0,'2018-04-22 00:05:50','2018-04-22 00:05:50',13,NULL),(295,'844','Trisha S',0,'2018-04-22 00:05:50','2018-04-22 00:05:50',13,NULL),(296,'901','Abhishek Gowda A R',0,'2018-04-22 00:05:50','2018-04-22 00:05:50',14,NULL),(297,'902','Aditi Manoj ',0,'2018-04-22 00:05:50','2018-04-22 00:05:50',14,NULL),(298,'903','Aishwarya M ',0,'2018-04-22 00:05:50','2018-04-22 00:05:50',14,NULL),(299,'904','Ananya B G',0,'2018-04-22 00:05:50','2018-04-22 00:05:50',14,NULL),(300,'905','Ashika S',0,'2018-04-22 00:05:50','2018-04-22 00:05:50',14,NULL),(301,'906','Charitha H K',0,'2018-04-22 00:05:50','2018-04-22 00:05:50',14,NULL),(302,'907','Chethan V',0,'2018-04-22 00:05:50','2018-04-22 00:05:50',14,NULL),(303,'908','Disha A Gowda',0,'2018-04-22 00:05:50','2018-04-22 00:05:50',14,NULL),(304,'909','Havila Sharon S B',0,'2018-04-22 00:05:50','2018-04-22 00:05:50',14,NULL),(305,'910','Hitesh S Ghanathe',0,'2018-04-22 00:05:50','2018-04-22 00:05:50',14,NULL),(306,'911','Jeevan K R',0,'2018-04-22 00:05:50','2018-04-22 00:05:50',14,NULL),(307,'912','Kshithij Y R',0,'2018-04-22 00:05:50','2018-04-22 00:05:50',14,NULL),(308,'913','Likhith Y',0,'2018-04-22 00:05:50','2018-04-22 00:05:50',14,NULL),(309,'914','Manoj N',0,'2018-04-22 00:05:50','2018-04-22 00:05:50',14,NULL),(310,'915','Nidhi S M',0,'2018-04-22 00:05:50','2018-04-22 00:05:50',14,NULL),(311,'916','Pravallika H',0,'2018-04-22 00:05:50','2018-04-22 00:05:50',14,NULL),(312,'917','Prerana P',0,'2018-04-22 00:05:50','2018-04-22 00:05:50',14,NULL),(313,'918','Rachan K A',0,'2018-04-22 00:05:50','2018-04-22 00:05:50',14,NULL),(314,'919','Riya Ganesh',0,'2018-04-22 00:05:50','2018-04-22 00:05:50',14,NULL),(315,'920','Rohan G',0,'2018-04-22 00:05:50','2018-04-22 00:05:50',14,NULL),(316,'921','Sagar S',0,'2018-04-22 00:05:50','2018-04-22 00:05:50',14,NULL),(317,'922','Sandeep K ',0,'2018-04-22 00:05:50','2018-04-22 00:05:50',14,NULL),(318,'923','Tejashwini R',0,'2018-04-22 00:05:50','2018-04-22 00:05:50',14,NULL),(319,'924','Ullas E',0,'2018-04-22 00:05:50','2018-04-22 00:05:50',14,NULL),(320,'925','Vani S',0,'2018-04-22 00:05:50','2018-04-22 00:05:50',14,NULL),(321,'926','Vishesh S Gowda',0,'2018-04-22 00:05:50','2018-04-22 00:05:50',14,NULL),(322,'927','Yashaswini V',0,'2018-04-22 00:05:50','2018-04-22 00:05:50',14,NULL),(323,'1001','Akash K ',0,'2018-04-22 00:05:50','2018-04-22 00:05:50',15,NULL),(324,'1002','Akshatha B',0,'2018-04-22 00:05:50','2018-04-22 00:05:50',15,NULL),(325,'1003','Arya V M',0,'2018-04-22 00:05:50','2018-04-22 00:05:50',15,NULL),(326,'1004','Bharath K ',0,'2018-04-22 00:05:50','2018-04-22 00:05:50',15,NULL),(327,'1005','Darshan B V',0,'2018-04-22 00:05:50','2018-04-22 00:05:50',15,NULL),(328,'1006','Darshan D',0,'2018-04-22 00:05:50','2018-04-22 00:05:50',15,NULL),(329,'1007','Darshan Nayaka G A',0,'2018-04-22 00:05:50','2018-04-22 00:05:50',15,NULL),(330,'1008','Ganesh M',0,'2018-04-22 00:05:50','2018-04-22 00:05:50',15,NULL),(331,'1009','Harshith S',0,'2018-04-22 00:05:50','2018-04-22 00:05:50',15,NULL),(332,'1010','Inchara Mahesh',0,'2018-04-22 00:05:50','2018-04-22 00:05:50',15,NULL),(333,'1011','Ishika Agarwal',0,'2018-04-22 00:05:50','2018-04-22 00:05:50',15,NULL),(334,'1012','Kowshik Gowda R',0,'2018-04-22 00:05:50','2018-04-22 00:05:50',15,NULL),(335,'1013','Lavanya N',0,'2018-04-22 00:05:50','2018-04-22 00:05:50',15,NULL),(336,'1014','Lokanath Gowda G ',0,'2018-04-22 00:05:50','2018-04-22 00:05:50',15,NULL),(337,'1015','Manasa K',0,'2018-04-22 00:05:50','2018-04-22 00:05:50',15,NULL),(338,'1016','Margaret Raman ',0,'2018-04-22 00:05:50','2018-04-22 00:05:50',15,NULL),(339,'1017','Monisha M S',0,'2018-04-22 00:05:50','2018-04-22 00:05:50',15,NULL),(340,'1018','Nesara E',0,'2018-04-22 00:05:50','2018-04-22 00:05:50',15,NULL),(341,'1019','Nisarga N',0,'2018-04-22 00:05:50','2018-04-22 00:05:50',15,NULL),(342,'1020','Nithya H G',0,'2018-04-22 00:05:50','2018-04-22 00:05:50',15,NULL),(343,'1021','Prajwal P',0,'2018-04-22 00:05:50','2018-04-22 00:05:50',15,NULL),(344,'1022','Prathiksha M D',0,'2018-04-22 00:05:50','2018-04-22 00:05:50',15,NULL),(345,'1023','Vaishak Rajesh ',0,'2018-04-22 00:05:50','2018-04-22 00:05:50',15,NULL),(346,'1024','Varun S',0,'2018-04-22 00:05:50','2018-04-22 00:05:50',15,NULL),(347,'1025','Yamuna S',0,'2018-04-22 00:05:50','2018-04-22 00:05:50',15,NULL),(348,'1026','Yashaswini K S',0,'2018-04-22 00:05:50','2018-04-22 00:05:50',15,NULL);
/*!40000 ALTER TABLE `student` ENABLE KEYS */;
UNLOCK TABLES;

--
-- Table structure for table `user`
--

DROP TABLE IF EXISTS `user`;
/*!40101 SET @saved_cs_client     = @@character_set_client */;
/*!40101 SET character_set_client = utf8 */;
CREATE TABLE `user` (
  `id_user` bigint(20) NOT NULL AUTO_INCREMENT,
  `username` varchar(45) DEFAULT NULL,
  `password` varchar(45) DEFAULT NULL,
  `is_deleted` tinyint(4) NOT NULL,
  `user_cat` datetime DEFAULT NULL,
  `user_uat` datetime DEFAULT NULL,
  PRIMARY KEY (`id_user`)
) ENGINE=InnoDB AUTO_INCREMENT=3 DEFAULT CHARSET=utf8;
/*!40101 SET character_set_client = @saved_cs_client */;

--
-- Dumping data for table `user`
--

LOCK TABLES `user` WRITE;
/*!40000 ALTER TABLE `user` DISABLE KEYS */;
INSERT INTO `user` VALUES (1,'ullas','123',0,NULL,NULL),(2,'durga','1234',0,NULL,NULL);
/*!40000 ALTER TABLE `user` ENABLE KEYS */;
UNLOCK TABLES;

--
-- Table structure for table `user_role`
--

DROP TABLE IF EXISTS `user_role`;
/*!40101 SET @saved_cs_client     = @@character_set_client */;
/*!40101 SET character_set_client = utf8 */;
CREATE TABLE `user_role` (
  `id_user_role` bigint(20) NOT NULL AUTO_INCREMENT,
  `user_id` bigint(20) NOT NULL,
  `role_id` bigint(20) NOT NULL,
  `user_role_cat` datetime DEFAULT NULL,
  `user_role_uat` datetime DEFAULT NULL,
  `is_deleted` tinyint(4) NOT NULL,
  PRIMARY KEY (`id_user_role`),
  KEY `fk_user_role_user1_idx` (`user_id`),
  KEY `fk_user_role_role1_idx` (`role_id`),
  CONSTRAINT `fk_user_role_role1` FOREIGN KEY (`role_id`) REFERENCES `role` (`id_role`) ON DELETE NO ACTION ON UPDATE NO ACTION,
  CONSTRAINT `fk_user_role_user1` FOREIGN KEY (`user_id`) REFERENCES `user` (`id_user`) ON DELETE NO ACTION ON UPDATE NO ACTION
) ENGINE=InnoDB AUTO_INCREMENT=3 DEFAULT CHARSET=utf8;
/*!40101 SET character_set_client = @saved_cs_client */;

--
-- Dumping data for table `user_role`
--

LOCK TABLES `user_role` WRITE;
/*!40000 ALTER TABLE `user_role` DISABLE KEYS */;
INSERT INTO `user_role` VALUES (1,1,2,NULL,NULL,0),(2,2,3,NULL,NULL,0);
/*!40000 ALTER TABLE `user_role` ENABLE KEYS */;
UNLOCK TABLES;
/*!40103 SET TIME_ZONE=@OLD_TIME_ZONE */;

/*!40101 SET SQL_MODE=@OLD_SQL_MODE */;
/*!40014 SET FOREIGN_KEY_CHECKS=@OLD_FOREIGN_KEY_CHECKS */;
/*!40014 SET UNIQUE_CHECKS=@OLD_UNIQUE_CHECKS */;
/*!40101 SET CHARACTER_SET_CLIENT=@OLD_CHARACTER_SET_CLIENT */;
/*!40101 SET CHARACTER_SET_RESULTS=@OLD_CHARACTER_SET_RESULTS */;
/*!40101 SET COLLATION_CONNECTION=@OLD_COLLATION_CONNECTION */;
/*!40111 SET SQL_NOTES=@OLD_SQL_NOTES */;

-- Dump completed on 2018-05-29  0:39:04
